day,date,time,angle,asset,facebook_tracked_link,instagram_tracked_link,facebook_caption,instagram_caption
Sunday,2026-07-05,18:30,Weekend travel disruption,assets/01-2026-07-05-week1_sun_delay.png,https://flightrefundclaim.co.uk/?utm_source=facebook&utm_medium=social&utm_campaign=uk_weekly_visibility&utm_content=week1_sun_delay,https://flightrefundclaim.co.uk/?utm_source=instagram&utm_medium=social&utm_campaign=uk_weekly_visibility&utm_content=week1_sun_delay,"Weekend flight delayed or cancelled from the UK or EU?

You may be able to claim up to £520 / €600 per passenger under UK/EU passenger rights rules.

FlightRefundClaim offers a free eligibility check and works on a no win, no fee basis.

Check your claim here:
https://flightrefundclaim.co.uk/?utm_source=facebook&utm_medium=social&utm_campaign=uk_weekly_visibility&utm_content=week1_sun_delay

#FlightDelay #FlightCompensation #UK261 #EU261 #TravelHelp","Weekend flight delayed or cancelled from the UK or EU?

You may be able to claim up to £520 / €600 per passenger under UK/EU passenger rights rules.

FlightRefundClaim offers a free eligibility check and works on a no win, no fee basis.

Use the link to check your claim:
https://flightrefundclaim.co.uk/?utm_source=instagram&utm_medium=social&utm_campaign=uk_weekly_visibility&utm_content=week1_sun_delay

#FlightDelay #FlightCompensation #UK261 #EU261 #TravelHelp"
Monday,2026-07-06,09:15,Back-to-work airport delays,assets/02-2026-07-06-week1_mon_business.png,https://flightrefundclaim.co.uk/flight-delay-compensation-uk/?utm_source=facebook&utm_medium=social&utm_campaign=uk_weekly_visibility&utm_content=week1_mon_business,https://flightrefundclaim.co.uk/flight-delay-compensation-uk/?utm_source=instagram&utm_medium=social&utm_campaign=uk_weekly_visibility&utm_content=week1_mon_business,"Delayed on a work trip or while travelling from a UK/EU airport?

If your flight arrived more than 3 hours late, you may have a claim under UK261 or EU261 rules.

Start with a free eligibility check:
https://flightrefundclaim.co.uk/flight-delay-compensation-uk/?utm_source=facebook&utm_medium=social&utm_campaign=uk_weekly_visibility&utm_content=week1_mon_business

#BusinessTravel #FlightDelay #UK261 #EU261 #FlightCompensation","Delayed on a work trip or while travelling from a UK/EU airport?

If your flight arrived more than 3 hours late, you may have a claim under UK261 or EU261 rules.

Start with a free eligibility check:
https://flightrefundclaim.co.uk/flight-delay-compensation-uk/?utm_source=instagram&utm_medium=social&utm_campaign=uk_weekly_visibility&utm_content=week1_mon_business

#BusinessTravel #FlightDelay #UK261 #EU261 #FlightCompensation"
Tuesday,2026-07-07,12:45,Rights education,assets/03-2026-07-07-week1_tue_three_hours.png,https://flightrefundclaim.co.uk/uk261-compensation-claim/?utm_source=facebook&utm_medium=social&utm_campaign=uk_weekly_visibility&utm_content=week1_tue_three_hours,https://flightrefundclaim.co.uk/uk261-compensation-claim/?utm_source=instagram&utm_medium=social&utm_campaign=uk_weekly_visibility&utm_content=week1_tue_three_hours,"Was your flight 3+ hours late arriving?

Under UK261/EU261 rules, some passengers can claim compensation when the airline was responsible for the disruption.

Check your eligibility here:
https://flightrefundclaim.co.uk/uk261-compensation-claim/?utm_source=facebook&utm_medium=social&utm_campaign=uk_weekly_visibility&utm_content=week1_tue_three_hours

#KnowYourRights #FlightDelay #UK261 #EU261 #TravelTips","Was your flight 3+ hours late arriving?

Under UK261/EU261 rules, some passengers can claim compensation when the airline was responsible for the disruption.

Check your eligibility here:
https://flightrefundclaim.co.uk/uk261-compensation-claim/?utm_source=instagram&utm_medium=social&utm_campaign=uk_weekly_visibility&utm_content=week1_tue_three_hours

#KnowYourRights #FlightDelay #UK261 #EU261 #TravelTips"
Wednesday,2026-07-08,19:00,Cancelled flights,assets/04-2026-07-08-week1_wed_cancelled.png,https://flightrefundclaim.co.uk/eu261-compensation-claim/?utm_source=facebook&utm_medium=social&utm_campaign=uk_weekly_visibility&utm_content=week1_wed_cancelled,https://flightrefundclaim.co.uk/eu261-compensation-claim/?utm_source=instagram&utm_medium=social&utm_campaign=uk_weekly_visibility&utm_content=week1_wed_cancelled,"Flight cancelled at short notice?

Depending on the route, timing, and reason, UK/EU passengers may be entitled to compensation.

FlightRefundClaim can review it on a no win, no fee basis:
https://flightrefundclaim.co.uk/eu261-compensation-claim/?utm_source=facebook&utm_medium=social&utm_campaign=uk_weekly_visibility&utm_content=week1_wed_cancelled

#CancelledFlight #EU261 #UK261 #PassengerRights #TravelHelp","Flight cancelled at short notice?

Depending on the route, timing, and reason, UK/EU passengers may be entitled to compensation.

FlightRefundClaim can review it on a no win, no fee basis:
https://flightrefundclaim.co.uk/eu261-compensation-claim/?utm_source=instagram&utm_medium=social&utm_campaign=uk_weekly_visibility&utm_content=week1_wed_cancelled

#CancelledFlight #EU261 #UK261 #PassengerRights #TravelHelp"
Thursday,2026-07-09,08:30,Family holiday protection,assets/05-2026-07-09-week1_thu_family.png,https://flightrefundclaim.co.uk/?utm_source=facebook&utm_medium=social&utm_campaign=uk_weekly_visibility&utm_content=week1_thu_family,https://flightrefundclaim.co.uk/?utm_source=instagram&utm_medium=social&utm_campaign=uk_weekly_visibility&utm_content=week1_thu_family,"Family holiday delayed from the UK or EU?

Compensation may apply per passenger, not just per booking, when the flight qualifies under UK/EU rules.

Check your claim here:
https://flightrefundclaim.co.uk/?utm_source=facebook&utm_medium=social&utm_campaign=uk_weekly_visibility&utm_content=week1_thu_family

#FamilyTravel #FlightDelay #HolidayTravel #UK261 #EU261","Family holiday delayed from the UK or EU?

Compensation may apply per passenger, not just per booking, when the flight qualifies under UK/EU rules.

Use the link to check your claim:
https://flightrefundclaim.co.uk/?utm_source=instagram&utm_medium=social&utm_campaign=uk_weekly_visibility&utm_content=week1_thu_family

#FamilyTravel #FlightDelay #HolidayTravel #UK261 #EU261"
Friday,2026-07-10,16:30,Airline rejection review,assets/06-2026-07-10-week1_fri_rejected.png,https://flightrefundclaim.co.uk/?utm_source=facebook&utm_medium=social&utm_campaign=uk_weekly_visibility&utm_content=week1_fri_rejected,https://flightrefundclaim.co.uk/?utm_source=instagram&utm_medium=social&utm_campaign=uk_weekly_visibility&utm_content=week1_fri_rejected,"Did the airline reject your delay or cancellation claim?

Some rejected claims are still worth reviewing, especially if the reason was unclear or disputed.

Ask FlightRefundClaim to check it:
https://flightrefundclaim.co.uk/?utm_source=facebook&utm_medium=social&utm_campaign=uk_weekly_visibility&utm_content=week1_fri_rejected

#FlightClaim #AirlineCompensation #TravelRights #UK261 #EU261","Did the airline reject your delay or cancellation claim?

Some rejected claims are still worth reviewing, especially if the reason was unclear or disputed.

Ask FlightRefundClaim to check it:
https://flightrefundclaim.co.uk/?utm_source=instagram&utm_medium=social&utm_campaign=uk_weekly_visibility&utm_content=week1_fri_rejected

#FlightClaim #AirlineCompensation #TravelRights #UK261 #EU261"
Saturday,2026-07-11,11:00,Easy weekend explainer,assets/07-2026-07-11-week1_sat_boarding_pass.png,https://flightrefundclaim.co.uk/?utm_source=facebook&utm_medium=social&utm_campaign=uk_weekly_visibility&utm_content=week1_sat_boarding_pass,https://flightrefundclaim.co.uk/?utm_source=instagram&utm_medium=social&utm_campaign=uk_weekly_visibility&utm_content=week1_sat_boarding_pass,"Travel tip: if your flight is delayed or cancelled, keep your boarding pass, booking reference, and airline messages.

Those details can help when checking a compensation claim.

Free eligibility check:
https://flightrefundclaim.co.uk/?utm_source=facebook&utm_medium=social&utm_campaign=uk_weekly_visibility&utm_content=week1_sat_boarding_pass

#TravelTip #FlightDelay #PassengerRights #UKTravel #EUTravel","Travel tip: if your flight is delayed or cancelled, keep your boarding pass, booking reference, and airline messages.

Those details can help when checking a compensation claim.

Free eligibility check:
https://flightrefundclaim.co.uk/?utm_source=instagram&utm_medium=social&utm_campaign=uk_weekly_visibility&utm_content=week1_sat_boarding_pass

#TravelTip #FlightDelay #PassengerRights #UKTravel #EUTravel"
