Audience,Post Angle,Best Landing Page,Facebook Tracked Link,Instagram Tracked Link,Why This Page
UK/EU,British Airways delay,https://flightrefundclaim.co.uk/british-airways-flight-delay-compensation/,https://flightrefundclaim.co.uk/british-airways-flight-delay-compensation/?utm_source=facebook&utm_medium=social&utm_campaign=uk_seo_page_promotion&utm_content=british_airways_delay,https://flightrefundclaim.co.uk/british-airways-flight-delay-compensation/?utm_source=instagram&utm_medium=social&utm_campaign=uk_seo_page_promotion&utm_content=british_airways_delay,Matches people searching or reacting to BA-specific disruption.
UK/EU,Ryanair delay,https://flightrefundclaim.co.uk/ryanair-flight-delay-compensation/,https://flightrefundclaim.co.uk/ryanair-flight-delay-compensation/?utm_source=facebook&utm_medium=social&utm_campaign=uk_seo_page_promotion&utm_content=ryanair_delay,https://flightrefundclaim.co.uk/ryanair-flight-delay-compensation/?utm_source=instagram&utm_medium=social&utm_campaign=uk_seo_page_promotion&utm_content=ryanair_delay,Ryanair is a high-volume UK/EU airline search topic.
UK/EU,easyJet delay,https://flightrefundclaim.co.uk/easyjet-flight-delay-compensation/,https://flightrefundclaim.co.uk/easyjet-flight-delay-compensation/?utm_source=facebook&utm_medium=social&utm_campaign=uk_seo_page_promotion&utm_content=easyjet_delay,https://flightrefundclaim.co.uk/easyjet-flight-delay-compensation/?utm_source=instagram&utm_medium=social&utm_campaign=uk_seo_page_promotion&utm_content=easyjet_delay,Good fit for UK holiday and city-break disruption posts.
UK/EU,Wizz Air delay,https://flightrefundclaim.co.uk/wizz-air-flight-delay-compensation/,https://flightrefundclaim.co.uk/wizz-air-flight-delay-compensation/?utm_source=facebook&utm_medium=social&utm_campaign=uk_seo_page_promotion&utm_content=wizz_air_delay,https://flightrefundclaim.co.uk/wizz-air-flight-delay-compensation/?utm_source=instagram&utm_medium=social&utm_campaign=uk_seo_page_promotion&utm_content=wizz_air_delay,Useful for EU and Eastern Europe passenger content.
UK/EU,Heathrow disruption,https://flightrefundclaim.co.uk/heathrow-flight-delay-compensation/,https://flightrefundclaim.co.uk/heathrow-flight-delay-compensation/?utm_source=facebook&utm_medium=social&utm_campaign=uk_seo_page_promotion&utm_content=heathrow_delay,https://flightrefundclaim.co.uk/heathrow-flight-delay-compensation/?utm_source=instagram&utm_medium=social&utm_campaign=uk_seo_page_promotion&utm_content=heathrow_delay,Airport-specific page for high-intent Heathrow searches.
UK/EU,Gatwick disruption,https://flightrefundclaim.co.uk/gatwick-flight-delay-compensation/,https://flightrefundclaim.co.uk/gatwick-flight-delay-compensation/?utm_source=facebook&utm_medium=social&utm_campaign=uk_seo_page_promotion&utm_content=gatwick_delay,https://flightrefundclaim.co.uk/gatwick-flight-delay-compensation/?utm_source=instagram&utm_medium=social&utm_campaign=uk_seo_page_promotion&utm_content=gatwick_delay,Airport-specific page for Gatwick/easyJet style posts.
UK/EU,Manchester airport delay,https://flightrefundclaim.co.uk/manchester-flight-delay-compensation/,https://flightrefundclaim.co.uk/manchester-flight-delay-compensation/?utm_source=facebook&utm_medium=social&utm_campaign=uk_seo_page_promotion&utm_content=manchester_airport_delay,https://flightrefundclaim.co.uk/manchester-flight-delay-compensation/?utm_source=instagram&utm_medium=social&utm_campaign=uk_seo_page_promotion&utm_content=manchester_airport_delay,Targets a large UK regional airport audience.
UK/EU,General 3-hour delay,https://flightrefundclaim.co.uk/flight-delay-compensation-uk/,https://flightrefundclaim.co.uk/flight-delay-compensation-uk/?utm_source=facebook&utm_medium=social&utm_campaign=uk_seo_page_promotion&utm_content=three_hour_delay,https://flightrefundclaim.co.uk/flight-delay-compensation-uk/?utm_source=instagram&utm_medium=social&utm_campaign=uk_seo_page_promotion&utm_content=three_hour_delay,Best general page for UK/EU delay education.
UK/EU,UK261 rights education,https://flightrefundclaim.co.uk/uk261-compensation-claim/,https://flightrefundclaim.co.uk/uk261-compensation-claim/?utm_source=facebook&utm_medium=social&utm_campaign=uk_seo_page_promotion&utm_content=uk261_rights,https://flightrefundclaim.co.uk/uk261-compensation-claim/?utm_source=instagram&utm_medium=social&utm_campaign=uk_seo_page_promotion&utm_content=uk261_rights,Best page for explaining UK passenger rights.
UK/EU,EU261 rights education,https://flightrefundclaim.co.uk/eu261-compensation-claim/,https://flightrefundclaim.co.uk/eu261-compensation-claim/?utm_source=facebook&utm_medium=social&utm_campaign=uk_seo_page_promotion&utm_content=eu261_rights,https://flightrefundclaim.co.uk/eu261-compensation-claim/?utm_source=instagram&utm_medium=social&utm_campaign=uk_seo_page_promotion&utm_content=eu261_rights,Best page for Europe-wide claim education.
US,London to New York delay,https://flightrefundclaim.com/london-to-new-york-flight-delay-compensation/,https://flightrefundclaim.com/london-to-new-york-flight-delay-compensation/?utm_source=facebook&utm_medium=social&utm_campaign=us_seo_page_promotion&utm_content=london_new_york_delay,https://flightrefundclaim.com/london-to-new-york-flight-delay-compensation/?utm_source=instagram&utm_medium=social&utm_campaign=us_seo_page_promotion&utm_content=london_new_york_delay,Strong route-specific page for US traveller content.
US,Paris to USA delay,https://flightrefundclaim.com/paris-to-usa-flight-delay-compensation/,https://flightrefundclaim.com/paris-to-usa-flight-delay-compensation/?utm_source=facebook&utm_medium=social&utm_campaign=us_seo_page_promotion&utm_content=paris_usa_delay,https://flightrefundclaim.com/paris-to-usa-flight-delay-compensation/?utm_source=instagram&utm_medium=social&utm_campaign=us_seo_page_promotion&utm_content=paris_usa_delay,Good for US tourists returning from France.
US,Rome to USA delay,https://flightrefundclaim.com/rome-to-usa-flight-delay-compensation/,https://flightrefundclaim.com/rome-to-usa-flight-delay-compensation/?utm_source=facebook&utm_medium=social&utm_campaign=us_seo_page_promotion&utm_content=rome_usa_delay,https://flightrefundclaim.com/rome-to-usa-flight-delay-compensation/?utm_source=instagram&utm_medium=social&utm_campaign=us_seo_page_promotion&utm_content=rome_usa_delay,Good for US tourists returning from Italy.
US,Amsterdam to USA delay,https://flightrefundclaim.com/amsterdam-to-usa-flight-delay-compensation/,https://flightrefundclaim.com/amsterdam-to-usa-flight-delay-compensation/?utm_source=facebook&utm_medium=social&utm_campaign=us_seo_page_promotion&utm_content=amsterdam_usa_delay,https://flightrefundclaim.com/amsterdam-to-usa-flight-delay-compensation/?utm_source=instagram&utm_medium=social&utm_campaign=us_seo_page_promotion&utm_content=amsterdam_usa_delay,Good for KLM/Delta/Schiphol related content.
US,British Airways US passenger,https://flightrefundclaim.com/british-airways-compensation-for-us-passengers/,https://flightrefundclaim.com/british-airways-compensation-for-us-passengers/?utm_source=facebook&utm_medium=social&utm_campaign=us_seo_page_promotion&utm_content=ba_us_passenger,https://flightrefundclaim.com/british-airways-compensation-for-us-passengers/?utm_source=instagram&utm_medium=social&utm_campaign=us_seo_page_promotion&utm_content=ba_us_passenger,Matches Americans flying BA from UK or Europe.
US,Virgin Atlantic delay,https://flightrefundclaim.com/virgin-atlantic-uk-flight-delay-compensation/,https://flightrefundclaim.com/virgin-atlantic-uk-flight-delay-compensation/?utm_source=facebook&utm_medium=social&utm_campaign=us_seo_page_promotion&utm_content=virgin_atlantic_delay,https://flightrefundclaim.com/virgin-atlantic-uk-flight-delay-compensation/?utm_source=instagram&utm_medium=social&utm_campaign=us_seo_page_promotion&utm_content=virgin_atlantic_delay,Good for UK-to-US transatlantic passengers.
US,Delta Europe delay,https://flightrefundclaim.com/delta-eu-flight-delay-compensation/,https://flightrefundclaim.com/delta-eu-flight-delay-compensation/?utm_source=facebook&utm_medium=social&utm_campaign=us_seo_page_promotion&utm_content=delta_europe_delay,https://flightrefundclaim.com/delta-eu-flight-delay-compensation/?utm_source=instagram&utm_medium=social&utm_campaign=us_seo_page_promotion&utm_content=delta_europe_delay,Targets US airline passengers flying from Europe.
US,United Europe delay,https://flightrefundclaim.com/united-eu-flight-delay-compensation/,https://flightrefundclaim.com/united-eu-flight-delay-compensation/?utm_source=facebook&utm_medium=social&utm_campaign=us_seo_page_promotion&utm_content=united_europe_delay,https://flightrefundclaim.com/united-eu-flight-delay-compensation/?utm_source=instagram&utm_medium=social&utm_campaign=us_seo_page_promotion&utm_content=united_europe_delay,Targets United passengers flying from Europe.
